,mag_diff,fof_halo_count,fof_halo_tag,fof_halo_mass,fof_halo_ke,fof_halo_center_x,fof_halo_center_y,fof_halo_center_z,fof_halo_angmom_x,fof_halo_angmom_y,fof_halo_angmom_z,fof_halo_max_cir_vel,fof_halo_com_x,fof_halo_com_y,fof_halo_com_z,fof_halo_mean_vx,fof_halo_mean_vy,fof_halo_mean_vz,fof_halo_vel_disp,fof_halo_1D_vel_disp
0,6.400349140167236,53,812471593,29077594112.0,6868788188282880.0,201.8352508544922,216.0012664794922,64.43347930908203,-700593792.0,-6106185216.0,-118834136.0,31.641969680786133,201.8179473876953,216.01345825195312,64.35572814941406,264.66693115234375,211.5283203125,-594.4356689453125,37.8542594909668,37.8542594909668
1,4.709710121154785,60,897730265,32918032384.0,8985318006980608.0,216.77452087402344,26.22027587890625,169.74783325195312,106893104.0,5945934848.0,-6184575488.0,35.00935745239258,216.71461486816406,26.233402252197266,169.76177978515625,140.47201538085938,-493.8352355957031,-527.5858764648438,36.36962890625,36.36962890625
2,4.427200794219971,86,1058741546,47182512128.0,1.710166856695808e+16,3.4935150146484375,192.20791625976562,72.23245239257812,-3587582976.0,-7157450240.0,-12580337664.0,39.85428237915039,3.439788341522217,192.2573699951172,72.21735382080078,18.983501434326172,816.1705322265625,-230.27801513671875,42.398475646972656,42.398475646972656
3,4.397438049316406,58,635281657,31820763136.0,3158222328299520.0,158.71505737304688,221.43157958984375,62.63007354736328,-2033866368.0,6547751936.0,-3704506880.0,32.8539924621582,158.69393920898438,221.4656219482422,62.69536209106445,392.8431091308594,195.9289093017578,39.720252990722656,37.457462310791016,37.457462310791016
4,4.242699146270752,43,40756331,23591256064.0,4495245647544320.0,10.644905090332031,217.93174743652344,44.68571090698242,6303786496.0,559944768.0,1016725696.0,34.20431900024414,10.648931503295898,217.87588500976562,44.683712005615234,-4.4498066902160645,-50.75138473510742,611.939453125,36.64615249633789,36.64615249633789
5,3.69103741645813,68,699067133,37307101184.0,3007342006239232.0,164.56887817382812,179.03726196289062,184.2754669189453,-5187136000.0,-5699209728.0,-1319435520.0,36.743324279785156,164.5266571044922,179.0872344970703,184.29180908203125,-68.10186004638672,249.6863555908203,-298.0393371582031,42.474700927734375,42.474700927734375
6,3.4330883026123047,65,782011213,35661201408.0,1130231649796096.0,187.6205291748047,195.80921936035156,210.01754760742188,-1352831744.0,-457365152.0,1293869312.0,45.765953063964844,187.5941925048828,195.8040771484375,209.98370361328125,103.32831573486328,-208.5392608642578,-33.96296691894531,51.859893798828125,51.859893798828125
7,3.147273063659668,90,289071621,49377046528.0,5483256434655232.0,66.53874206542969,178.556640625,137.48756408691406,10398482432.0,9370237952.0,3147161344.0,40.8036994934082,66.5799560546875,178.50416564941406,137.52914428710938,-135.02862548828125,213.4308624267578,390.4414367675781,44.224430084228516,44.224430084228516
8,3.120783567428589,49,192539947,26883059712.0,7417134716026880.0,35.05235290527344,168.10586547851562,78.45320892333984,1474869760.0,1036644352.0,5846999040.0,36.87293243408203,35.07479476928711,168.0567626953125,78.46678161621094,-633.4552001953125,355.6523132324219,136.2018280029297,42.826560974121094,42.826560974121094
9,3.037616491317749,55,222416663,30174861312.0,2269160876802048.0,49.84233856201172,27.649887084960938,190.89170837402344,-3052890112.0,7108236800.0,-1758110080.0,30.631322860717773,49.75803756713867,27.613840103149414,190.89486694335938,-205.8223419189453,-50.707672119140625,-315.8877258300781,43.518550872802734,43.518550872802734
10,2.988198757171631,41,1043235843,22493988864.0,1014551537516544.0,244.8926544189453,238.64059448242188,5.7499847412109375,140622112.0,404484608.0,-1389504640.0,32.26327896118164,244.9268341064453,238.61849975585938,5.750602722167969,-141.38450622558594,256.57904052734375,-44.237266540527344,28.443763732910156,28.443763732910156
11,2.971602439880371,44,817358711,24139890688.0,2406941280174080.0,191.10948181152344,131.06118774414062,225.80796813964844,-439356320.0,-899917248.0,1511862272.0,34.32278823852539,191.0907745361328,131.01931762695312,225.7866668701172,-325.3151550292969,279.6617126464844,-52.954490661621094,64.73352813720703,64.73352813720703
12,2.937081813812256,55,864606724,30174861312.0,9464829093871616.0,211.85763549804688,148.17074584960938,138.89425659179688,-6184262144.0,5334213632.0,1113078016.0,40.85185623168945,211.83421325683594,148.12979125976562,138.87527465820312,261.3688049316406,377.74688720703125,637.60400390625,57.116336822509766,57.116336822509766
13,2.9159204959869385,51,343269019,27980326912.0,8537914484981760.0,83.25227355957031,94.13965606689453,159.40496826171875,-2062185600.0,-1582246016.0,-298213344.0,47.065345764160156,83.25363159179688,94.13272094726562,159.38465881347656,-303.0000915527344,429.95721435546875,-572.8795166015625,42.49163818359375,42.49163818359375
14,2.8931853771209717,58,514790251,31820763136.0,1.4232654035550208e+16,109.11827850341797,241.59730529785156,208.25218200683594,-1138203520.0,-6055968768.0,-3790985984.0,35.8737907409668,109.06995391845703,241.6053924560547,208.2174835205078,-502.0486755371094,159.4927215576172,-781.5604248046875,45.548057556152344,45.548057556152344
15,2.768688440322876,40,224294941,21945354240.0,3226638741405696.0,53.341209411621094,241.3013916015625,10.781970977783203,3452988672.0,-416168096.0,3609975040.0,37.19719314575195,53.30913543701172,241.29844665527344,10.80519962310791,1.6962389945983887,510.7408142089844,168.713623046875,39.74028778076172,39.74028778076172
16,2.730895519256592,47,602302420,25785790464.0,6544620162908160.0,142.4896240234375,111.76520538330078,4.1038360595703125,6853721600.0,1420515200.0,-107354592.0,34.26255416870117,142.477783203125,111.81901550292969,4.088637351989746,-70.89341735839844,542.025146484375,452.8803405761719,35.10315704345703,35.10315704345703
17,2.6768152713775635,52,227493669,28528959488.0,1.1747651456335872e+16,57.171504974365234,236.70265197753906,186.94895935058594,3301683968.0,-5459025408.0,-3374291200.0,36.04314041137695,57.1182746887207,236.67893981933594,186.95274353027344,91.84040832519531,-442.05426025390625,-783.7662353515625,42.5188102722168,42.5188102722168
18,2.6393089294433594,86,304363741,47182512128.0,2.339380639301632e+16,79.3717041015625,69.00909423828125,49.6104850769043,7794500096.0,6362740736.0,-3731510784.0,42.86494827270508,79.36046600341797,69.00407409667969,49.5548095703125,764.2615356445312,-437.8959655761719,-454.0233154296875,56.69996643066406,56.69996643066406
19,2.528554916381836,48,873559853,26334425088.0,5569263691628544.0,213.37599182128906,20.884052276611328,189.57887268066406,-394534400.0,-3657550848.0,122887888.0,36.254085540771484,213.34410095214844,20.89610481262207,189.6183624267578,247.16281127929688,-110.88825988769531,-586.519775390625,43.10226058959961,43.10226058959961
20,2.5217812061309814,65,624117144,35661201408.0,1.2989867667488768e+16,136.9803009033203,59.13019943237305,112.34884643554688,-3673290496.0,2794529536.0,5727716352.0,37.151756286621094,136.92013549804688,59.11826705932617,112.31707000732422,-582.0712280273438,369.6078796386719,497.7718811035156,42.1175651550293,42.1175651550293
21,2.4273862838745117,46,354250581,25237157888.0,4780915465125888.0,84.30774688720703,219.648193359375,199.83883666992188,-4039817216.0,-9964211200.0,-4177470976.0,29.514175415039062,84.22930145263672,219.65699768066406,199.8627166748047,16.49386978149414,242.07875061035156,-561.4881591796875,39.73228454589844,39.73228454589844
22,2.371926784515381,61,14624839,33466664960.0,6877181628121088.0,3.5981626510620117,245.81512451171875,29.29882049560547,3574174976.0,2948105472.0,-1119304064.0,42.55508804321289,3.5655951499938965,245.8321533203125,29.294816970825195,114.69338989257812,43.93257141113281,622.2548217773438,53.8555908203125,53.8555908203125
23,2.2710628509521484,77,61614458,42244808704.0,1.4495248336027648e+16,10.757720947265625,207.3452911376953,88.60755920410156,-3242149632.0,2128072576.0,5832300032.0,39.724021911621094,10.741209030151367,207.395263671875,88.5692138671875,-132.708740234375,726.6568603515625,-366.6285400390625,45.4300651550293,45.4300651550293
24,2.2167904376983643,98,621549741,53766119424.0,7628200683241472.0,155.95687866210938,198.20535278320312,50.92937469482422,850708032.0,-940012032.0,7603494912.0,46.621150970458984,155.96165466308594,198.26580810546875,50.943138122558594,410.15625,192.82383728027344,266.2611083984375,49.835636138916016,49.835636138916016
25,2.1866872310638428,43,707891984,23591256064.0,1954390508306432.0,164.0575714111328,22.86072540283203,188.37576293945312,-47967596.0,-1856161152.0,570072576.0,33.44807052612305,164.01205444335938,22.8404598236084,188.36593627929688,-241.1399383544922,-88.02899169921875,-310.3905029296875,33.901187896728516,33.901187896728516
26,2.1476540565490723,43,854851314,23591256064.0,2816233678307328.0,203.91650390625,67.23323822021484,177.38397216796875,-4236436736.0,-698957824.0,1549026944.0,34.232295989990234,203.90414428710938,67.2727279663086,177.3718719482422,-27.368358612060547,156.76150512695312,-457.9559326171875,35.144901275634766,35.144901275634766
27,2.142965793609619,69,1031680681,37855735808.0,3446719308103680.0,248.47557067871094,226.40127563476562,161.85324096679688,4580278784.0,-8948703232.0,1216700928.0,34.01823425292969,248.3866424560547,226.389404296875,161.84999084472656,130.9072265625,-23.874202728271484,-398.5133056640625,43.12022018432617,43.12022018432617
28,2.099400520324707,49,17692832,26883059712.0,6134607552446464.0,12.73198127746582,221.30398559570312,49.982234954833984,2122536064.0,-4801918976.0,-2254953728.0,31.084699630737305,12.736312866210938,221.2531280517578,50.03450012207031,418.999267578125,-19.30238914489746,525.0009155273438,40.1378059387207,40.1378059387207
29,2.0896542072296143,65,262561658,35661201408.0,3376939242881024.0,56.828208923339844,98.97953033447266,216.4150390625,5066693632.0,8986329088.0,478099008.0,28.660263061523438,56.74689865112305,99.051025390625,216.45401000976562,-278.06201171875,-151.88502502441406,-291.87286376953125,35.65011978149414,35.65011978149414
30,2.088684558868408,42,551557669,23042621440.0,3463942932267008.0,125.34574890136719,1.5290937423706055,142.58456420898438,5161011712.0,-3955856128.0,-2631906560.0,30.534151077270508,125.36357879638672,1.4833779335021973,142.6337432861328,-439.1821594238281,-54.11886215209961,318.3019104003906,34.29939270019531,34.29939270019531
31,2.0371224880218506,58,1030413625,31820763136.0,1.006942734516224e+16,248.77328491210938,187.10707092285156,72.57408142089844,5512217088.0,-2976860160.0,-4814005248.0,39.3519287109375,248.72711181640625,187.08108520507812,72.56488800048828,113.06092834472656,721.5430908203125,-308.0917663574219,38.97151184082031,38.97151184082031
32,1.9911799430847168,41,453668102,22493988864.0,2534138884128768.0,108.84686279296875,175.00344848632812,71.18116760253906,404541920.0,357063584.0,-4004311808.0,31.52367401123047,108.79206848144531,174.99961853027344,71.17672729492188,0.08861028403043747,355.59515380859375,308.9754943847656,33.6808967590332,33.6808967590332
33,1.9764255285263062,63,716146260,34563932160.0,2.204436202835149e+16,170.35447692871094,0.09996509552001953,149.62796020507812,9997145088.0,7456310272.0,1977270784.0,41.34048080444336,170.35696411132812,0.07454195618629456,149.58853149414062,-546.9354248046875,705.5453491210938,682.0228271484375,67.03854370117188,67.03854370117188
34,1.93817138671875,41,678103311,22493988864.0,1687991940546560.0,159.60304260253906,177.7730712890625,59.03618621826172,519056320.0,-1633434240.0,611645312.0,38.00592041015625,159.56105041503906,177.7798309326172,59.030757904052734,-35.741920471191406,60.31758117675781,-375.26580810546875,38.05131149291992,38.05131149291992
35,1.919594168663025,68,787108111,37307101184.0,8441511796539392.0,189.62118530273438,172.31515502929688,55.784488677978516,4418323456.0,-6941096448.0,7161879552.0,37.21284103393555,189.56658935546875,172.2938232421875,55.759002685546875,-6.413843154907227,403.3553466796875,-534.700927734375,36.05582809448242,36.05582809448242
36,1.9193832874298096,67,247794685,36758466560.0,4240524558991360.0,61.108097076416016,80.01092529296875,246.5412139892578,6484282880.0,-15097056256.0,208515408.0,34.58635711669922,61.02788543701172,79.99639892578125,246.55775451660156,82.41400909423828,-39.962223052978516,-466.5810241699219,39.31401062011719,39.31401062011719
37,1.9139389991760254,48,540148740,26334425088.0,3737844539457536.0,119.47474670410156,32.935508728027344,2.253911018371582,-2949752320.0,4040962048.0,-2550987776.0,32.644996643066406,119.48434448242188,32.88404083251953,2.210110902786255,-523.399169921875,53.02408218383789,59.72710037231445,34.39760208129883,34.39760208129883
38,1.9048233032226562,56,284092552,30723495936.0,3742579204030464.0,62.212032318115234,238.53826904296875,39.887794494628906,-893350464.0,5556371968.0,-323995520.0,35.37139129638672,62.1679573059082,238.54290771484375,39.92810821533203,-9.042092323303223,61.70637130737305,481.56512451171875,51.10569763183594,51.10569763183594
39,1.898727536201477,77,923847438,42244808704.0,8414238754209792.0,222.33082580566406,3.9554996490478516,184.2410888671875,5941582848.0,5843555328.0,-820891840.0,37.9777946472168,222.2714080810547,3.9681150913238525,184.19561767578125,83.18900299072266,-386.3266296386719,-484.3146667480469,50.42074203491211,50.42074203491211
40,1.8915666341781616,44,334836953,24139890688.0,3572672713719808.0,81.28215789794922,71.81861877441406,57.72484588623047,-3107670016.0,860616576.0,5029567488.0,30.142181396484375,81.2238540649414,71.83071899414062,57.709632873535156,25.058460235595703,-520.6298828125,143.62437438964844,35.05268096923828,35.05268096923828
41,1.8808355331420898,58,41244501,31820763136.0,7638636916899840.0,18.635448455810547,93.991455078125,206.3828125,-3312408832.0,-7945916928.0,-2204323584.0,42.95811462402344,18.601642608642578,94.00145721435547,206.35928344726562,417.92633056640625,415.947265625,-354.4776916503906,47.521759033203125,47.521759033203125
42,1.8595284223556519,52,694222546,28528959488.0,7424862435934208.0,159.09197998046875,11.187383651733398,168.49465942382812,935334784.0,7105159680.0,1038752256.0,36.40567398071289,159.12890625,11.166397094726562,168.4795684814453,-313.2107849121094,-239.34799194335938,-600.774658203125,37.396114349365234,37.396114349365234
43,1.8362011909484863,49,318908246,26883059712.0,4403368780890112.0,75.7152099609375,24.08330535888672,214.12796020507812,-687944128.0,-1223575040.0,-2924836096.0,37.34642028808594,75.66997528076172,24.084678649902344,214.1302947998047,-110.53050231933594,-556.1710205078125,42.94424819946289,37.44736099243164,37.44736099243164
44,1.8353946208953857,118,789638514,64738795520.0,5631457502429184.0,188.88746643066406,6.689371109008789,90.5206069946289,10351960064.0,-2586844672.0,-3224076032.0,49.530052185058594,188.902587890625,6.704795837402344,90.46134948730469,-14.527933120727539,-398.2996826171875,-85.88508605957031,50.80940246582031,50.80940246582031
45,1.8338637351989746,73,529239583,40050270208.0,5329009663541248.0,128.28384399414062,195.95584106445312,140.86135864257812,775545664.0,2387429632.0,-302227936.0,42.47229766845703,128.30935668945312,195.91307067871094,140.88589477539062,88.15666198730469,461.7130126953125,182.8594512939453,62.524505615234375,62.524505615234375
46,1.823091983795166,54,180012460,29626228736.0,5898401531035648.0,36.028968811035156,182.93785095214844,106.77388000488281,10770899968.0,-3581169920.0,-3356060672.0,30.436452865600586,36.00159454345703,182.89297485351562,106.70136260986328,-252.23785400390625,574.97509765625,-16.80181312561035,35.0486946105957,35.0486946105957
47,1.8135979175567627,113,435620068,61995626496.0,9483995385430016.0,108.73290252685547,106.29438018798828,63.807640075683594,-6925126144.0,1948941440.0,-12204321792.0,47.83424758911133,108.66390991210938,106.27225494384766,63.805198669433594,193.71768188476562,-391.4300537109375,327.6649475097656,51.14872741699219,51.14872741699219
48,1.8056477308273315,44,814695270,24139890688.0,2918713208602624.0,195.93099975585938,232.56011962890625,216.72581481933594,737685696.0,-1658521344.0,3297153024.0,36.62125778198242,195.89402770996094,232.56373596191406,216.7382354736328,118.20337677001953,-465.0247802734375,-94.8288345336914,29.461959838867188,29.461959838867188
49,1.7941263914108276,68,570243855,37307101184.0,4949003305222144.0,135.26100158691406,219.694580078125,190.48574829101562,-15306257408.0,6837075456.0,3855522560.0,34.64310073852539,135.23008728027344,219.6667938232422,190.4043731689453,-53.811012268066406,443.848876953125,-244.95054626464844,42.478939056396484,42.478939056396484
50,1.7808352708816528,112,153843554,61446991872.0,1.7317609858924544e+16,31.416847229003906,174.01190185546875,205.93275451660156,14734886912.0,15997901824.0,-5491049472.0,47.472564697265625,31.417932510375977,174.0106964111328,206.004150390625,-411.6242370605469,-435.50225830078125,-443.3948974609375,51.52469253540039,51.52469253540039
51,1.7786895036697388,40,1013804708,21945354240.0,4065363176194048.0,245.0946044921875,218.23944091796875,158.36212158203125,2316485632.0,4071203072.0,954705408.0,34.09536361694336,245.13397216796875,218.2196807861328,158.34877014160156,201.1015167236328,250.30096435546875,-513.5580444335938,34.94996643066406,34.94996643066406
52,1.773301601409912,69,982929710,37855735808.0,2866291790577664.0,236.928955078125,104.49449157714844,82.98645782470703,180474080.0,-2624366592.0,-1996045824.0,37.10523223876953,236.8883514404297,104.52728271484375,82.93516540527344,145.30149841308594,63.164451599121094,346.3526916503906,46.079288482666016,46.079288482666016
53,1.769449234008789,45,809207075,24688523264.0,6835200470286336.0,194.82542419433594,190.04168701171875,57.56719970703125,-7979654144.0,2367134208.0,94752560.0,29.344892501831055,194.81295776367188,189.9791259765625,57.56704330444336,32.545352935791016,289.0270690917969,-682.9362182617188,30.09481430053711,30.09481430053711
54,1.7643903493881226,58,562887661,31820763136.0,3169383874560000.0,127.99668884277344,212.46409606933594,244.39520263671875,10882857984.0,-3484870400.0,-803445440.0,32.53791809082031,127.96510314941406,212.38682556152344,244.388916015625,-220.5706024169922,234.25428771972656,-301.58953857421875,39.66329574584961,39.66329574584961
55,1.7207738161087036,70,281743584,38404370432.0,4832855041507328.0,62.8977165222168,184.9800262451172,56.025474548339844,4016932864.0,3415771392.0,7080563200.0,37.41862869262695,62.863677978515625,185.0052490234375,56.08159637451172,-206.36383056640625,417.7789306640625,169.64527893066406,43.8853759765625,43.8853759765625
56,1.714236855506897,126,670231341,69127864320.0,5179430985007104.0,154.45333862304688,42.9691047668457,200.34364318847656,4110462464.0,-4919563264.0,3434865664.0,52.34186553955078,154.4076385498047,42.95599365234375,200.33560180664062,-297.3863525390625,-160.1063690185547,-171.98098754882812,45.462738037109375,45.462738037109375
57,1.7054617404937744,72,574992159,39501635584.0,6556019006111744.0,132.2422332763672,99.64588165283203,194.47349548339844,851534400.0,938551616.0,18490974208.0,33.74114990234375,132.17788696289062,99.5846939086914,194.4801788330078,-230.48455810546875,464.93988037109375,-242.12100219726562,36.614044189453125,36.614044189453125
58,1.7054355144500732,154,661160539,84489617408.0,1.8184221516365824e+16,147.8542022705078,131.10157775878906,160.5315399169922,-6923446784.0,25171660800.0,60053368832.0,44.3574333190918,147.76141357421875,131.01206970214844,160.55210876464844,390.705810546875,-235.4678497314453,-284.7336120605469,217.0094451904297,217.0094451904297
59,1.704068660736084,96,149700741,52668850176.0,3.499949736905933e+16,30.470718383789062,204.14901733398438,52.5098991394043,7927482880.0,-21516969984.0,18835214336.0,46.37879943847656,30.41613006591797,204.13035583496094,52.4991455078125,-262.82830810546875,443.43878173828125,1027.9742431640625,46.87574768066406,46.87574768066406
60,1.7018522024154663,53,25498316,29077594112.0,5906143209586688.0,13.854629516601562,88.86799621582031,175.171142578125,-238727520.0,3168316160.0,1888466048.0,40.0967903137207,13.817835807800293,88.8453598022461,175.1802978515625,265.42254638671875,547.5969848632812,-176.76954650878906,39.472381591796875,39.472381591796875
61,1.7004823684692383,48,202564699,26334425088.0,9158425053233152.0,51.57172393798828,34.73661804199219,32.72789764404297,-4099424000.0,-5417659904.0,3232025600.0,30.71709442138672,51.54865264892578,34.756492614746094,32.788307189941406,144.7027130126953,-586.495361328125,571.6704711914062,35.706722259521484,35.706722259521484
62,1.699088454246521,41,981536150,22493988864.0,2411008077332480.0,237.43685913085938,10.896110534667969,107.83580017089844,-795654976.0,-1769482368.0,-3216103424.0,27.15070343017578,237.48785400390625,10.846731185913086,107.84608459472656,223.24607849121094,-267.7635803222656,299.5584716796875,32.133487701416016,32.133487701416016
63,1.6988587379455566,69,227321102,37855735808.0,2.0181948244688896e+16,48.52436828613281,213.7601318359375,63.75431823730469,-698957248.0,-8455423488.0,12329902080.0,38.40359878540039,48.467838287353516,213.71664428710938,63.7396125793457,-753.1649169921875,635.3067626953125,-297.40911865234375,48.06757354736328,48.06757354736328
64,1.6865774393081665,64,1067818894,35112566784.0,2144940087836672.0,2.781177520751953,94.45834350585938,223.5491485595703,293248608.0,-114628256.0,-5515532288.0,34.58820724487305,2.7088232040405273,94.427001953125,223.5445098876953,164.58718872070312,225.64862060546875,-196.7509002685547,42.65327835083008,42.65327835083008
65,1.6745105981826782,40,214715655,21945354240.0,2.094919690747904e+16,41.97235107421875,214.23989868164062,64.21416473388672,-1926472704.0,-973387648.0,-242531760.0,30.535600662231445,42.00885009765625,214.2008514404297,64.23773956298828,-384.8006591796875,1296.229248046875,-279.2320861816406,31.423507690429688,31.423507690429688
66,1.6645517349243164,52,483880296,28528959488.0,3171155011698688.0,117.05685424804688,109.04119873046875,92.58180236816406,-880389184.0,2149037568.0,2209049088.0,43.549442291259766,117.02999877929688,109.04898071289062,92.57553100585938,11.62537956237793,-448.117919921875,128.29551696777344,40.442283630371094,40.442283630371094
67,1.6559263467788696,85,485215281,46633877504.0,1859460725211136.0,118.3117446899414,186.5491943359375,17.488338470458984,5777966592.0,3164869376.0,-282816192.0,44.008636474609375,118.27588653564453,186.6007843017578,17.505624771118164,49.21799850463867,-101.79862213134766,244.1153106689453,49.56325149536133,49.56325149536133
68,1.6461297273635864,43,741059211,23591256064.0,1.9485736193490944e+16,190.89617919921875,195.4202423095703,166.81033325195312,-3126402560.0,-4810296320.0,-2050840448.0,35.83387756347656,190.86849975585938,195.40037536621094,166.8358612060547,998.6827392578125,635.48291015625,-488.1518859863281,64.41447448730469,64.41447448730469
69,1.6364729404449463,108,945204073,59252457472.0,9017007886303232.0,224.70205688476562,111.5527572631836,206.7968292236328,3053682432.0,3188534016.0,-4561399296.0,54.130638122558594,224.68898010253906,111.55390167236328,206.75279235839844,34.6692008972168,230.283203125,-491.1925048828125,54.334022521972656,54.334022521972656
70,1.616698980331421,63,36831926,34563932160.0,8695835600617472.0,16.221439361572266,23.041126251220703,163.83309936523438,-10787465216.0,-4125209600.0,9892273152.0,32.16954803466797,16.15070343017578,23.064104080200195,163.80076599121094,317.4339294433594,-438.2498779296875,-453.2484436035156,40.466251373291016,40.466251373291016
71,1.615631341934204,45,797986783,24688523264.0,1564667994439680.0,191.24688720703125,4.782073974609375,4.8965301513671875,-1916148736.0,731410560.0,378086976.0,34.34865188598633,191.26910400390625,4.8097734451293945,4.880227565765381,55.51422882080078,-227.0438995361328,262.1302795410156,33.71257781982422,33.71257781982422
72,1.6107356548309326,56,761010763,30723495936.0,3.598218588638413e+16,194.2310333251953,195.02029418945312,161.473876953125,-5779000320.0,1227392384.0,-2559233792.0,39.952430725097656,194.20712280273438,195.05938720703125,161.47935485839844,1100.9609375,419.3583984375,974.3671875,40.644195556640625,40.644195556640625
73,1.6065505743026733,61,550556513,33466664960.0,4950712702205952.0,123.53951263427734,11.042203903198242,209.36630249023438,7943845376.0,4445506048.0,-6298758656.0,38.3044548034668,123.543212890625,10.992947578430176,209.33639526367188,-371.291259765625,-164.75714111328125,-353.4021911621094,44.58746337890625,44.58746337890625
74,1.5998648405075073,101,278728852,55412019200.0,1.4730982984777728e+16,65.54144287109375,216.77281188964844,50.50723648071289,-4140336128.0,1987556992.0,-1584448896.0,55.98942947387695,65.56100463867188,216.77789306640625,50.478904724121094,-95.322998046875,392.5032653808594,600.1364135742188,52.852230072021484,52.852230072021484
75,1.5995347499847412,40,331344946,21945354240.0,2858642453823488.0,78.12776184082031,7.361523628234863,19.37093734741211,-876708352.0,-199422416.0,833504960.0,38.478912353515625,78.14710998535156,7.380762100219727,19.39270782470703,-59.81023406982422,372.9351806640625,338.1213684082031,34.34977340698242,34.34977340698242
76,1.5893629789352417,41,1037050531,22493988864.0,3063844716937216.0,250.01104736328125,249.56423950195312,162.99301147460938,2709329920.0,113706944.0,2889821952.0,35.26662063598633,249.9739532470703,249.54412841796875,162.9945526123047,125.93360900878906,-414.7668762207031,-282.0308837890625,40.75240707397461,40.75240707397461
77,1.5799216032028198,49,356474658,26883059712.0,2844539660271616.0,88.07748413085938,0.3776702880859375,193.15084838867188,-1732575488.0,-3120479744.0,-4529317376.0,26.09862518310547,88.0037841796875,0.4313061833381653,193.19720458984375,194.09329223632812,186.79055786132812,-368.46502685546875,33.13512420654297,33.13512420654297
78,1.5793800354003906,53,921830669,29077594112.0,3972206140850176.0,221.19577026367188,21.770221710205078,72.02536010742188,-3191549952.0,-908438272.0,2228360704.0,38.70485305786133,221.15243530273438,21.761640548706055,72.00602722167969,18.31964683532715,-491.4678955078125,160.0336456298828,43.69268035888672,43.69268035888672
79,1.5700266361236572,126,551499256,69127864320.0,1.240129393917952e+16,122.0405044555664,245.00372314453125,134.2705841064453,-23202971648.0,7235326976.0,-14570682368.0,48.583126068115234,122.0270767211914,244.93882751464844,134.27801513671875,-427.6322021484375,53.604976654052734,404.9541015625,54.96150588989258,54.96150588989258
80,1.5698552131652832,55,823051146,30174861312.0,5564307836239872.0,204.39999389648438,226.77389526367188,225.10882568359375,-1397259392.0,-141426064.0,-7758113280.0,38.7994384765625,204.35711669921875,226.7527313232422,225.11155700683594,425.6214294433594,-414.3626403808594,-109.3465576171875,36.503543853759766,36.503543853759766
81,1.5596932172775269,86,74369130,47182512128.0,1.3979115673616384e+16,15.221912384033203,243.9549102783203,37.180572509765625,-5286478848.0,-9104178176.0,-750435520.0,43.71385955810547,15.173789024353027,243.9611053466797,37.1708984375,204.099365234375,66.26266479492188,733.2688598632812,54.235374450683594,54.235374450683594
82,1.5583317279815674,47,617992210,25785790464.0,7723479700865024.0,143.74505615234375,104.301025390625,12.338394165039062,-7638337536.0,-7495465984.0,-6396380160.0,33.370628356933594,143.71505737304688,104.310302734375,12.380754470825195,-195.60116577148438,626.545654296875,406.1472473144531,33.037498474121094,33.037498474121094
83,1.5364454984664917,52,194714038,28528959488.0,6007944135049216.0,38.295692443847656,188.80474853515625,111.05088806152344,1904371968.0,-8105752064.0,12593155072.0,30.741947174072266,38.25725555419922,188.85861206054688,111.10662841796875,-465.5606384277344,446.78985595703125,25.875165939331055,37.169551849365234,37.169551849365234
84,1.534203052520752,66,1040898881,36209836032.0,7431079401095168.0,0.1849517822265625,173.45660400390625,195.4219970703125,1856294912.0,6661017600.0,4255189248.0,41.34825897216797,0.13412798941135406,173.455810546875,195.44097900390625,93.62101745605469,-10.954134941101074,-628.7496948242188,45.58618927001953,45.58618927001953
85,1.5250447988510132,46,496241488,25237157888.0,2135707921416192.0,111.2375717163086,69.2093505859375,213.7432403564453,1205700864.0,-1522903552.0,1835021696.0,33.99333190917969,111.20558166503906,69.23902893066406,213.7662811279297,-343.0232238769531,208.58807373046875,64.82428741455078,35.9395751953125,35.9395751953125
86,1.5235995054244995,222,237760417,121796714496.0,2.510361354620109e+16,49.03171920776367,191.5132293701172,220.37078857421875,-1813630720.0,-4683575296.0,5271865856.0,76.3192138671875,49.02562713623047,191.5406494140625,220.3785400390625,-337.1647033691406,2.975823402404785,-534.5612182617188,65.26080322265625,65.26080322265625
87,1.5120481252670288,63,724050507,34563932160.0,2400747668897792.0,168.68258666992188,124.32705688476562,152.31956481933594,4641520640.0,1413546752.0,-867163712.0,33.689395904541016,168.6770782470703,124.24359130859375,152.3301239013672,-180.7305908203125,-214.13568115234375,234.535888671875,42.393497467041016,42.393497467041016
88,1.5067846775054932,51,229308087,27980326912.0,1.9875727813902336e+16,43.40203857421875,176.85031127929688,170.50071716308594,-1245491712.0,1937753984.0,-7169436160.0,35.014129638671875,43.41728210449219,176.90061950683594,170.5284423828125,-1142.2506103515625,259.3643798828125,2.8590242862701416,127.38211822509766,127.38211822509766
89,1.5048341751098633,70,616715598,38404370432.0,5321987392012288.0,136.20179748535156,32.01032257080078,82.40525817871094,890589696.0,1527376128.0,-3096554240.0,33.92018508911133,136.16275024414062,32.07954788208008,82.38489532470703,-469.1580505371094,-227.4950714111328,-7.455269813537598,41.77893829345703,41.77893829345703
90,1.4961596727371216,42,657402527,23042621440.0,4369125543510016.0,146.58071899414062,247.3778533935547,166.19801330566406,-1872082176.0,-4866057216.0,281161280.0,34.10981369018555,146.5470733642578,247.3961944580078,166.22740173339844,-562.5272827148438,218.25616455078125,-103.92124938964844,38.073997497558594,38.073997497558594
91,1.4881584644317627,47,812502787,25785790464.0,3152555387387904.0,198.23353576660156,214.03175354003906,187.59959411621094,-708847296.0,-1061720320.0,3805699328.0,33.230384826660156,198.25286865234375,213.99417114257812,187.5674285888672,211.1292266845703,-344.0477294921875,-279.84149169921875,32.98054885864258,32.98054885864258
92,1.4851462841033936,157,507071727,86135513088.0,1.1095295316197376e+16,130.29513549804688,144.25193786621094,57.38164520263672,15711910912.0,19178194944.0,6437172224.0,61.50013732910156,130.2770233154297,144.25393676757812,57.33570861816406,432.03704833984375,-241.5188751220703,-49.731082916259766,58.20543670654297,58.20543670654297
93,1.4786221981048584,228,849478401,125088522240.0,2.085950725292032e+16,204.1855926513672,24.714447021484375,181.3607940673828,-10838336512.0,-7920933376.0,3716239360.0,68.27267456054688,204.15574645996094,24.704957962036133,181.30409240722656,53.30010223388672,-273.69366455078125,-492.4017028808594,66.60176086425781,66.60176086425781
94,1.474419116973877,106,471089776,58155188224.0,3193446965706752.0,112.02608489990234,71.9889144897461,151.45025634765625,4195059968.0,1074031232.0,3292305920.0,45.94529724121094,112.02461242675781,71.9271469116211,151.47923278808594,-5.5200324058532715,204.78330993652344,-244.60244750976562,51.7299919128418,51.7299919128418
95,1.4676121473312378,50,813994684,27431692288.0,2350098461753344.0,193.6936492919922,77.10934448242188,167.2554931640625,-908599488.0,2245287424.0,993096192.0,44.90886306762695,193.6702423095703,77.10564422607422,167.25204467773438,-16.353851318359375,207.2270965576172,-351.9677734375,37.63871765136719,37.63871765136719
96,1.4603482484817505,52,414544951,28528959488.0,4264115740606464.0,100.50894165039062,78.3852767944336,19.085960388183594,-8043405312.0,1198612224.0,-282818720.0,36.245784759521484,100.51527404785156,78.3548583984375,19.045072555541992,-30.264450073242188,-494.35052490234375,218.2567138671875,44.714149475097656,44.714149475097656
97,1.4560402631759644,53,580365743,29077594112.0,5966540113444864.0,137.92324829101562,114.07200622558594,116.73773193359375,-3577499136.0,2658990080.0,-6413003264.0,34.228843688964844,137.8906707763672,114.03186798095703,116.77024841308594,1.2896677255630493,-484.0926513671875,415.23822021484375,34.72433090209961,34.72433090209961
98,1.4548289775848389,41,530590813,22493988864.0,7292200022966272.0,115.82454681396484,9.109733581542969,19.8529052734375,1715922688.0,7298483200.0,-6608142848.0,26.01508903503418,115.74748992919922,9.15918254852295,19.84071922302246,-482.56500244140625,480.0581359863281,-420.87640380859375,51.33888244628906,51.33888244628906
99,1.4543530941009521,47,1069177476,25785790464.0,1.0665863011106816e+16,4.762399673461914,171.43214416503906,173.09738159179688,4160678144.0,-8256789504.0,-58036072.0,29.679765701293945,4.687805652618408,171.45648193359375,173.1085205078125,482.182373046875,312.67327880859375,701.6089477539062,39.77909851074219,39.77909851074219
